{"frames":{"sprite2":{"frame":{"x":82,"y":17,"w":72,"h":104},"rotated":false,"trimmed":false,"spriteSourceSize":{"x":0,"y":0,"w":72,"h":104},"sourceSize":{"w":72,"h":104}},"sprite3":{"frame":{"x":159,"y":17,"w":72,"h":104},"rotated":false,"trimmed":false,"spriteSourceSize":{"x":0,"y":0,"w":72,"h":104},"sourceSize":{"w":72,"h":104}},"sprite4":{"frame":{"x":236,"y":17,"w":72,"h":104},"rotated":false,"trimmed":false,"spriteSourceSize":{"x":0,"y":0,"w":72,"h":104},"sourceSize":{"w":72,"h":104}},"sprite1":{"frame":{"x":5,"y":18,"w":72,"h":103},"rotated":false,"trimmed":false,"spriteSourceSize":{"x":0,"y":0,"w":72,"h":103},"sourceSize":{"w":72,"h":103}},"sprite5":{"frame":{"x":4,"y":53,"w":1,"h":1},"rotated":false,"trimmed":false,"spriteSourceSize":{"x":0,"y":0,"w":1,"h":1},"sourceSize":{"w":1,"h":1}},"sprite6":{"frame":{"x":4,"y":74,"w":1,"h":1},"rotated":false,"trimmed":false,"spriteSourceSize":{"x":0,"y":0,"w":1,"h":1},"sourceSize":{"w":1,"h":1}}},"meta":{"app":"https://www.leshylabs.com/apps/sstool/","version":"Leshy SpriteSheet Tool v0.8.4","image":"spritesheet.png","size":{"w":321,"h":137},"scale":1}}