{"frames":{"sprite1":{"frame":{"x":5,"y":19,"w":100,"h":116},"rotated":false,"trimmed":false,"spriteSourceSize":{"x":0,"y":0,"w":100,"h":116},"sourceSize":{"w":100,"h":116}},"sprite2":{"frame":{"x":110,"y":19,"w":100,"h":116},"rotated":false,"trimmed":false,"spriteSourceSize":{"x":0,"y":0,"w":100,"h":116},"sourceSize":{"w":100,"h":116}},"sprite3":{"frame":{"x":215,"y":19,"w":100,"h":116},"rotated":false,"trimmed":false,"spriteSourceSize":{"x":0,"y":0,"w":100,"h":116},"sourceSize":{"w":100,"h":116}},"sprite4":{"frame":{"x":320,"y":19,"w":100,"h":116},"rotated":false,"trimmed":false,"spriteSourceSize":{"x":0,"y":0,"w":100,"h":116},"sourceSize":{"w":100,"h":116}},"sprite5":{"frame":{"x":425,"y":19,"w":100,"h":116},"rotated":false,"trimmed":false,"spriteSourceSize":{"x":0,"y":0,"w":100,"h":116},"sourceSize":{"w":100,"h":116}},"sprite6":{"frame":{"x":7,"y":160,"w":100,"h":114},"rotated":false,"trimmed":false,"spriteSourceSize":{"x":0,"y":0,"w":100,"h":114},"sourceSize":{"w":100,"h":114}}},"meta":{"app":"https://www.leshylabs.com/apps/sstool/","version":"Leshy SpriteSheet Tool v0.8.4","image":"spritesheetM01.png","size":{"w":597,"h":294},"scale":1}}