{"frames":{"sprite1":{"frame":{"x":5,"y":17,"w":21,"h":21},"rotated":false,"trimmed":false,"spriteSourceSize":{"x":0,"y":0,"w":21,"h":21},"sourceSize":{"w":21,"h":21}},"sprite2":{"frame":{"x":29,"y":17,"w":21,"h":21},"rotated":false,"trimmed":false,"spriteSourceSize":{"x":0,"y":0,"w":21,"h":21},"sourceSize":{"w":21,"h":21}},"sprite5":{"frame":{"x":53,"y":53,"w":21,"h":23},"rotated":false,"trimmed":false,"spriteSourceSize":{"x":0,"y":0,"w":21,"h":23},"sourceSize":{"w":21,"h":23}},"sprite3":{"frame":{"x":5,"y":55,"w":21,"h":21},"rotated":false,"trimmed":false,"spriteSourceSize":{"x":0,"y":0,"w":21,"h":21},"sourceSize":{"w":21,"h":21}},"sprite4":{"frame":{"x":29,"y":55,"w":21,"h":21},"rotated":false,"trimmed":false,"spriteSourceSize":{"x":0,"y":0,"w":21,"h":21},"sourceSize":{"w":21,"h":21}},"sprite6":{"frame":{"x":79,"y":57,"w":21,"h":19},"rotated":false,"trimmed":false,"spriteSourceSize":{"x":0,"y":0,"w":21,"h":19},"sourceSize":{"w":21,"h":19}},"sprite7":{"frame":{"x":103,"y":70,"w":21,"h":6},"rotated":false,"trimmed":false,"spriteSourceSize":{"x":0,"y":0,"w":21,"h":6},"sourceSize":{"w":21,"h":6}},"sprite15":{"frame":{"x":185,"y":92,"w":24,"h":32},"rotated":false,"trimmed":false,"spriteSourceSize":{"x":0,"y":0,"w":24,"h":32},"sourceSize":{"w":24,"h":32}},"sprite16":{"frame":{"x":212,"y":92,"w":23,"h":32},"rotated":false,"trimmed":false,"spriteSourceSize":{"x":0,"y":0,"w":23,"h":32},"sourceSize":{"w":23,"h":32}},"sprite13":{"frame":{"x":132,"y":93,"w":25,"h":31},"rotated":false,"trimmed":false,"spriteSourceSize":{"x":0,"y":0,"w":25,"h":31},"sourceSize":{"w":25,"h":31}},"sprite14":{"frame":{"x":160,"y":93,"w":22,"h":31},"rotated":false,"trimmed":false,"spriteSourceSize":{"x":0,"y":0,"w":22,"h":31},"sourceSize":{"w":22,"h":31}},"sprite12":{"frame":{"x":104,"y":95,"w":25,"h":29},"rotated":false,"trimmed":false,"spriteSourceSize":{"x":0,"y":0,"w":25,"h":29},"sourceSize":{"w":25,"h":29}},"sprite11":{"frame":{"x":78,"y":98,"w":23,"h":26},"rotated":false,"trimmed":false,"spriteSourceSize":{"x":0,"y":0,"w":23,"h":26},"sourceSize":{"w":23,"h":26}},"sprite10":{"frame":{"x":54,"y":100,"w":21,"h":24},"rotated":false,"trimmed":false,"spriteSourceSize":{"x":0,"y":0,"w":21,"h":24},"sourceSize":{"w":21,"h":24}},"sprite8":{"frame":{"x":6,"y":103,"w":21,"h":21},"rotated":false,"trimmed":false,"spriteSourceSize":{"x":0,"y":0,"w":21,"h":21},"sourceSize":{"w":21,"h":21}},"sprite9":{"frame":{"x":30,"y":103,"w":21,"h":21},"rotated":false,"trimmed":false,"spriteSourceSize":{"x":0,"y":0,"w":21,"h":21},"sourceSize":{"w":21,"h":21}},"sprite19":{"frame":{"x":58,"y":147,"w":23,"h":33},"rotated":false,"trimmed":false,"spriteSourceSize":{"x":0,"y":0,"w":23,"h":33},"sourceSize":{"w":23,"h":33}},"sprite17":{"frame":{"x":6,"y":148,"w":23,"h":32},"rotated":false,"trimmed":false,"spriteSourceSize":{"x":0,"y":0,"w":23,"h":32},"sourceSize":{"w":23,"h":32}},"sprite18":{"frame":{"x":32,"y":148,"w":23,"h":32},"rotated":false,"trimmed":false,"spriteSourceSize":{"x":0,"y":0,"w":23,"h":32},"sourceSize":{"w":23,"h":32}},"sprite20":{"frame":{"x":5,"y":203,"w":23,"h":32},"rotated":false,"trimmed":false,"spriteSourceSize":{"x":0,"y":0,"w":23,"h":32},"sourceSize":{"w":23,"h":32}},"sprite21":{"frame":{"x":31,"y":203,"w":24,"h":32},"rotated":false,"trimmed":false,"spriteSourceSize":{"x":0,"y":0,"w":24,"h":32},"sourceSize":{"w":24,"h":32}},"sprite22":{"frame":{"x":58,"y":204,"w":22,"h":31},"rotated":false,"trimmed":false,"spriteSourceSize":{"x":0,"y":0,"w":22,"h":31},"sourceSize":{"w":22,"h":31}},"sprite23":{"frame":{"x":83,"y":204,"w":25,"h":31},"rotated":false,"trimmed":false,"spriteSourceSize":{"x":0,"y":0,"w":25,"h":31},"sourceSize":{"w":25,"h":31}},"sprite24":{"frame":{"x":111,"y":205,"w":25,"h":29},"rotated":false,"trimmed":false,"spriteSourceSize":{"x":0,"y":0,"w":25,"h":29},"sourceSize":{"w":25,"h":29}},"sprite25":{"frame":{"x":139,"y":208,"w":23,"h":26},"rotated":false,"trimmed":false,"spriteSourceSize":{"x":0,"y":0,"w":23,"h":26},"sourceSize":{"w":23,"h":26}},"sprite26":{"frame":{"x":165,"y":210,"w":21,"h":24},"rotated":false,"trimmed":false,"spriteSourceSize":{"x":0,"y":0,"w":21,"h":24},"sourceSize":{"w":21,"h":24}},"sprite27":{"frame":{"x":189,"y":213,"w":21,"h":21},"rotated":false,"trimmed":false,"spriteSourceSize":{"x":0,"y":0,"w":21,"h":21},"sourceSize":{"w":21,"h":21}},"sprite28":{"frame":{"x":213,"y":213,"w":21,"h":21},"rotated":false,"trimmed":false,"spriteSourceSize":{"x":0,"y":0,"w":21,"h":21},"sourceSize":{"w":21,"h":21}},"sprite29":{"frame":{"x":5,"y":260,"w":21,"h":21},"rotated":false,"trimmed":false,"spriteSourceSize":{"x":0,"y":0,"w":21,"h":21},"sourceSize":{"w":21,"h":21}},"sprite31":{"frame":{"x":29,"y":303,"w":21,"h":22},"rotated":false,"trimmed":false,"spriteSourceSize":{"x":0,"y":0,"w":21,"h":22},"sourceSize":{"w":21,"h":22}},"sprite36":{"frame":{"x":149,"y":303,"w":21,"h":22},"rotated":false,"trimmed":false,"spriteSourceSize":{"x":0,"y":0,"w":21,"h":22},"sourceSize":{"w":21,"h":22}},"sprite30":{"frame":{"x":5,"y":304,"w":21,"h":21},"rotated":false,"trimmed":false,"spriteSourceSize":{"x":0,"y":0,"w":21,"h":21},"sourceSize":{"w":21,"h":21}},"sprite32":{"frame":{"x":53,"y":304,"w":21,"h":21},"rotated":false,"trimmed":false,"spriteSourceSize":{"x":0,"y":0,"w":21,"h":21},"sourceSize":{"w":21,"h":21}},"sprite35":{"frame":{"x":125,"y":304,"w":21,"h":21},"rotated":false,"trimmed":false,"spriteSourceSize":{"x":0,"y":0,"w":21,"h":21},"sourceSize":{"w":21,"h":21}},"sprite37":{"frame":{"x":173,"y":304,"w":21,"h":21},"rotated":false,"trimmed":false,"spriteSourceSize":{"x":0,"y":0,"w":21,"h":21},"sourceSize":{"w":21,"h":21}},"sprite33":{"frame":{"x":77,"y":305,"w":21,"h":20},"rotated":false,"trimmed":false,"spriteSourceSize":{"x":0,"y":0,"w":21,"h":20},"sourceSize":{"w":21,"h":20}},"sprite34":{"frame":{"x":101,"y":305,"w":21,"h":20},"rotated":false,"trimmed":false,"spriteSourceSize":{"x":0,"y":0,"w":21,"h":20},"sourceSize":{"w":21,"h":20}},"sprite38":{"frame":{"x":197,"y":305,"w":21,"h":20},"rotated":false,"trimmed":false,"spriteSourceSize":{"x":0,"y":0,"w":21,"h":20},"sourceSize":{"w":21,"h":20}}},"meta":{"app":"https://www.leshylabs.com/apps/sstool/","version":"Leshy SpriteSheet Tool v0.8.4","image":"spritesheet.png","size":{"w":279,"h":372},"scale":1}}